{
	"configs" : [
		{
			"remarks" : "KR1",
			"id" : "070CBAED5879B5F365D54B25E74F589F",
			"server" : "kr1.sgateway.link",
			"server_port" : 12032,
			"server_udp_port" : 0,
			"password" : "UXeqc5Lo6R",
			"method" : "chacha20-ietf",
			"protocol" : "auth_aes128_md5",
			"protocolparam" : "",
			"obfs" : "tls1.2_ticket_auth",
			"obfsparam" : "download.windowsupdate.com",
			"remarks_base64" : "S1Ix",
			"group" : "SocketPro",
			"enable" : true,
			"udp_over_tcp" : false
		},
		{
			"remarks" : "KR2",
			"id" : "55AADC6220BE866ECE3CF96E2586A7B4",
			"server" : "kr2.sgateway.link",
			"server_port" : 12032,
			"server_udp_port" : 0,
			"password" : "UXeqc5Lo6R",
			"method" : "chacha20-ietf",
			"protocol" : "auth_aes128_md5",
			"protocolparam" : "",
			"obfs" : "tls1.2_ticket_auth",
			"obfsparam" : "download.windowsupdate.com",
			"remarks_base64" : "S1Iy",
			"group" : "SocketPro",
			"enable" : true,
			"udp_over_tcp" : false
		},
		{
			"remarks" : "HK1",
			"id" : "B7BE6817F796FDEB903E73040837A560",
			"server" : "hk1.sgateway.link",
			"server_port" : 12032,
			"server_udp_port" : 0,
			"password" : "UXeqc5Lo6R",
			"method" : "chacha20-ietf",
			"protocol" : "auth_aes128_md5",
			"protocolparam" : "",
			"obfs" : "tls1.2_ticket_auth",
			"obfsparam" : "download.windowsupdate.com",
			"remarks_base64" : "SEsx",
			"group" : "SocketPro",
			"enable" : true,
			"udp_over_tcp" : false
		},
		{
			"remarks" : "HK2",
			"id" : "DFF84CF51BDDBB1A0803CE828C667C97",
			"server" : "hk2.sgateway.link",
			"server_port" : 12032,
			"server_udp_port" : 0,
			"password" : "UXeqc5Lo6R",
			"method" : "chacha20-ietf",
			"protocol" : "auth_aes128_md5",
			"protocolparam" : "",
			"obfs" : "tls1.2_ticket_auth",
			"obfsparam" : "download.windowsupdate.com",
			"remarks_base64" : "SEsy",
			"group" : "SocketPro",
			"enable" : true,
			"udp_over_tcp" : false
		},
		{
			"remarks" : "HK3",
			"id" : "F34784B25418814BA57222724AFD83C4",
			"server" : "hk3.sgateway.link",
			"server_port" : 12032,
			"server_udp_port" : 0,
			"password" : "UXeqc5Lo6R",
			"method" : "chacha20-ietf",
			"protocol" : "auth_aes128_md5",
			"protocolparam" : "",
			"obfs" : "tls1.2_ticket_auth",
			"obfsparam" : "download.windowsupdate.com",
			"remarks_base64" : "SEsz",
			"group" : "SocketPro",
			"enable" : true,
			"udp_over_tcp" : false
		},
		{
			"remarks" : "HK4",
			"id" : "041E07F6E68B1484743482FEA7572DDA",
			"server" : "hk4.sgateway.link",
			"server_port" : 12032,
			"server_udp_port" : 0,
			"password" : "UXeqc5Lo6R",
			"method" : "chacha20-ietf",
			"protocol" : "auth_aes128_md5",
			"protocolparam" : "",
			"obfs" : "tls1.2_ticket_auth",
			"obfsparam" : "download.windowsupdate.com",
			"remarks_base64" : "SEs0",
			"group" : "SocketPro",
			"enable" : true,
			"udp_over_tcp" : false
		},
		{
			"remarks" : "RU1",
			"id" : "CF90F163B038DAF69BC6B1D2C42A39B1",
			"server" : "ru1.sgateway.link",
			"server_port" : 12032,
			"server_udp_port" : 0,
			"password" : "UXeqc5Lo6R",
			"method" : "chacha20-ietf",
			"protocol" : "auth_aes128_md5",
			"protocolparam" : "",
			"obfs" : "tls1.2_ticket_auth",
			"obfsparam" : "download.windowsupdate.com",
			"remarks_base64" : "UlUx",
			"group" : "SocketPro",
			"enable" : true,
			"udp_over_tcp" : false
		},
		{
			"remarks" : "RU2",
			"id" : "356EA86C41A0E28F135BC9A517ADDCEC",
			"server" : "ru2.sgateway.link",
			"server_port" : 12032,
			"server_udp_port" : 0,
			"password" : "UXeqc5Lo6R",
			"method" : "chacha20-ietf",
			"protocol" : "auth_aes128_md5",
			"protocolparam" : "",
			"obfs" : "tls1.2_ticket_auth",
			"obfsparam" : "download.windowsupdate.com",
			"remarks_base64" : "UlUy",
			"group" : "SocketPro",
			"enable" : true,
			"udp_over_tcp" : false
		},
		{
			"remarks" : "US1",
			"id" : "175703B7F829772D7BC17E986563A9CA",
			"server" : "us1.sgateway.link",
			"server_port" : 12032,
			"server_udp_port" : 0,
			"password" : "UXeqc5Lo6R",
			"method" : "chacha20-ietf",
			"protocol" : "auth_aes128_md5",
			"protocolparam" : "",
			"obfs" : "tls1.2_ticket_auth",
			"obfsparam" : "download.windowsupdate.com",
			"remarks_base64" : "VVMx",
			"group" : "SocketPro",
			"enable" : true,
			"udp_over_tcp" : false
		},
		{
			"remarks" : "US2",
			"id" : "19740F4A2DE258994C98F2033B924A08",
			"server" : "us2.sgateway.link",
			"server_port" : 12032,
			"server_udp_port" : 0,
			"password" : "UXeqc5Lo6R",
			"method" : "chacha20-ietf",
			"protocol" : "auth_aes128_md5",
			"protocolparam" : "",
			"obfs" : "tls1.2_ticket_auth",
			"obfsparam" : "download.windowsupdate.com",
			"remarks_base64" : "VVMy",
			"group" : "SocketPro",
			"enable" : true,
			"udp_over_tcp" : false
		},
		{
			"remarks" : "US3",
			"id" : "9B94AD8A088D7DF80D3A2C045A0B4719",
			"server" : "us3.sgateway.link",
			"server_port" : 12032,
			"server_udp_port" : 0,
			"password" : "UXeqc5Lo6R",
			"method" : "chacha20-ietf",
			"protocol" : "auth_aes128_md5",
			"protocolparam" : "",
			"obfs" : "tls1.2_ticket_auth",
			"obfsparam" : "download.windowsupdate.com",
			"remarks_base64" : "VVMz",
			"group" : "SocketPro",
			"enable" : true,
			"udp_over_tcp" : false
		},
		{
			"remarks" : "UK1",
			"id" : "53B6E7C613C9930D0260E383A495E936",
			"server" : "uk1.sgateway.link",
			"server_port" : 12032,
			"server_udp_port" : 0,
			"password" : "UXeqc5Lo6R",
			"method" : "chacha20-ietf",
			"protocol" : "auth_aes128_md5",
			"protocolparam" : "",
			"obfs" : "tls1.2_ticket_auth",
			"obfsparam" : "download.windowsupdate.com",
			"remarks_base64" : "VUsx",
			"group" : "SocketPro",
			"enable" : true,
			"udp_over_tcp" : false
		},
		{
			"remarks" : "PKR1",
			"id" : "6D444504264B5026330F5054767C1CA4",
			"server" : "pkr1-server.sgateway.link",
			"server_port" : 12032,
			"server_udp_port" : 0,
			"password" : "UXeqc5Lo6R",
			"method" : "chacha20-ietf",
			"protocol" : "auth_aes128_md5",
			"protocolparam" : "",
			"obfs" : "tls1.2_ticket_auth",
			"obfsparam" : "download.windowsupdate.com",
			"remarks_base64" : "UEtSMQ",
			"group" : "SocketPro",
			"enable" : true,
			"udp_over_tcp" : false
		},
		{
			"remarks" : "PKR2",
			"id" : "A6B6A672A27513EC846CC1D8F5FD45E6",
			"server" : "pkr2-server.sgateway.link",
			"server_port" : 12032,
			"server_udp_port" : 0,
			"password" : "UXeqc5Lo6R",
			"method" : "chacha20-ietf",
			"protocol" : "auth_aes128_md5",
			"protocolparam" : "",
			"obfs" : "tls1.2_ticket_auth",
			"obfsparam" : "download.windowsupdate.com",
			"remarks_base64" : "UEtSMg",
			"group" : "SocketPro",
			"enable" : true,
			"udp_over_tcp" : false
		},
		{
			"remarks" : "PKR3",
			"id" : "6E2A0AA9C7B89338089597713005D8F4",
			"server" : "pkr3-server.sgateway.link",
			"server_port" : 12032,
			"server_udp_port" : 0,
			"password" : "UXeqc5Lo6R",
			"method" : "chacha20-ietf",
			"protocol" : "auth_aes128_md5",
			"protocolparam" : "",
			"obfs" : "tls1.2_ticket_auth",
			"obfsparam" : "download.windowsupdate.com",
			"remarks_base64" : "UEtSMw",
			"group" : "SocketPro",
			"enable" : true,
			"udp_over_tcp" : false
		},
		{
			"remarks" : "PHK1",
			"id" : "1C0BCCDC803F28811860D7C2D6CC3C6A",
			"server" : "phk1-server.sgateway.link",
			"server_port" : 12032,
			"server_udp_port" : 0,
			"password" : "UXeqc5Lo6R",
			"method" : "chacha20-ietf",
			"protocol" : "auth_aes128_md5",
			"protocolparam" : "",
			"obfs" : "tls1.2_ticket_auth",
			"obfsparam" : "download.windowsupdate.com",
			"remarks_base64" : "UEhLMQ",
			"group" : "SocketPro",
			"enable" : true,
			"udp_over_tcp" : false
		},
		{
			"remarks" : "PHK2",
			"id" : "72E7D23E59EF2EF8940257F8B726BBFA",
			"server" : "phk2-server.sgateway.link",
			"server_port" : 12032,
			"server_udp_port" : 0,
			"password" : "UXeqc5Lo6R",
			"method" : "chacha20-ietf",
			"protocol" : "auth_aes128_md5",
			"protocolparam" : "",
			"obfs" : "tls1.2_ticket_auth",
			"obfsparam" : "download.windowsupdate.com",
			"remarks_base64" : "UEhLMg",
			"group" : "SocketPro",
			"enable" : true,
			"udp_over_tcp" : false
		},
		{
			"remarks" : "PHK3",
			"id" : "5107D37B0007A0771F7B7F38414AFA82",
			"server" : "phk3-server.sgateway.link",
			"server_port" : 12032,
			"server_udp_port" : 0,
			"password" : "UXeqc5Lo6R",
			"method" : "chacha20-ietf",
			"protocol" : "auth_aes128_md5",
			"protocolparam" : "",
			"obfs" : "tls1.2_ticket_auth",
			"obfsparam" : "download.windowsupdate.com",
			"remarks_base64" : "UEhLMw",
			"group" : "SocketPro",
			"enable" : true,
			"udp_over_tcp" : false
		},
		{
			"remarks" : "PHK4",
			"id" : "46F5EE14F55707BAECDB29C462D104AC",
			"server" : "phk4-server.sgateway.link",
			"server_port" : 12032,
			"server_udp_port" : 0,
			"password" : "UXeqc5Lo6R",
			"method" : "chacha20-ietf",
			"protocol" : "auth_aes128_md5",
			"protocolparam" : "",
			"obfs" : "tls1.2_ticket_auth",
			"obfsparam" : "download.windowsupdate.com",
			"remarks_base64" : "UEhLNA",
			"group" : "SocketPro",
			"enable" : true,
			"udp_over_tcp" : false
		},
		{
			"remarks" : "PRU1",
			"id" : "E03C9908C92C42667B88FFC5C578EE24",
			"server" : "pru1-server.sgateway.link",
			"server_port" : 12032,
			"server_udp_port" : 0,
			"password" : "UXeqc5Lo6R",
			"method" : "chacha20-ietf",
			"protocol" : "auth_aes128_md5",
			"protocolparam" : "",
			"obfs" : "tls1.2_ticket_auth",
			"obfsparam" : "download.windowsupdate.com",
			"remarks_base64" : "UFJVMQ",
			"group" : "SocketPro",
			"enable" : true,
			"udp_over_tcp" : false
		},
		{
			"remarks" : "PMO1",
			"id" : "A7CF467FA8CE8A6ECDD1F7A0BA18A94C",
			"server" : "pmo1-server.sgateway.link",
			"server_port" : 12032,
			"server_udp_port" : 0,
			"password" : "UXeqc5Lo6R",
			"method" : "chacha20-ietf",
			"protocol" : "auth_aes128_md5",
			"protocolparam" : "",
			"obfs" : "tls1.2_ticket_auth",
			"obfsparam" : "download.windowsupdate.com",
			"remarks_base64" : "UE1PMQ",
			"group" : "SocketPro",
			"enable" : true,
			"udp_over_tcp" : false
		},
		{
			"remarks" : "PUS1",
			"id" : "AF537E3558238AA3F9A500F2BEC25DBD",
			"server" : "pus1-server.sgateway.link",
			"server_port" : 12032,
			"server_udp_port" : 0,
			"password" : "UXeqc5Lo6R",
			"method" : "chacha20-ietf",
			"protocol" : "auth_aes128_md5",
			"protocolparam" : "",
			"obfs" : "tls1.2_ticket_auth",
			"obfsparam" : "download.windowsupdate.com",
			"remarks_base64" : "UFVTMQ",
			"group" : "SocketPro",
			"enable" : true,
			"udp_over_tcp" : false
		},
		{
			"remarks" : "RU3",
			"id" : "3AE333E7E1F047119427547A2E9FE26B",
			"server" : "ru3.sgateway.link",
			"server_port" : 12032,
			"server_udp_port" : 0,
			"password" : "UXeqc5Lo6R",
			"method" : "chacha20-ietf",
			"protocol" : "auth_aes128_md5",
			"protocolparam" : "",
			"obfs" : "tls1.2_ticket_auth",
			"obfsparam" : "download.windowsupdate.com",
			"remarks_base64" : "UlUz",
			"group" : "SocketPro",
			"enable" : true,
			"udp_over_tcp" : false
		},
		{
			"remarks" : "PHK5",
			"id" : "19EB7B8F512BCF67CA0125D5AA2A4420",
			"server" : "phk5-server.sgateway.link",
			"server_port" : 12032,
			"server_udp_port" : 0,
			"password" : "UXeqc5Lo6R",
			"method" : "chacha20-ietf",
			"protocol" : "auth_aes128_md5",
			"protocolparam" : "",
			"obfs" : "tls1.2_ticket_auth",
			"obfsparam" : "download.windowsupdate.com",
			"remarks_base64" : "UEhLNQ",
			"group" : "SocketPro",
			"enable" : true,
			"udp_over_tcp" : false
		},
		{
			"remarks" : "PMO2",
			"id" : "B85B16A8A1B02100847C05B6C78CB6D3",
			"server" : "pmo2-server.sgateway.link",
			"server_port" : 12032,
			"server_udp_port" : 0,
			"password" : "UXeqc5Lo6R",
			"method" : "chacha20-ietf",
			"protocol" : "auth_aes128_md5",
			"protocolparam" : "",
			"obfs" : "tls1.2_ticket_auth",
			"obfsparam" : "download.windowsupdate.com",
			"remarks_base64" : "UE1PMg",
			"group" : "SocketPro",
			"enable" : true,
			"udp_over_tcp" : false
		},
		{
			"remarks" : "PHK6",
			"id" : "7189991C5A9CA77F95D8011916FACAE2",
			"server" : "phk6-server.sgateway.link",
			"server_port" : 12032,
			"server_udp_port" : 0,
			"password" : "UXeqc5Lo6R",
			"method" : "chacha20-ietf",
			"protocol" : "auth_aes128_md5",
			"protocolparam" : "",
			"obfs" : "tls1.2_ticket_auth",
			"obfsparam" : "download.windowsupdate.com",
			"remarks_base64" : "UEhLNg",
			"group" : "SocketPro",
			"enable" : true,
			"udp_over_tcp" : false
		},
		{
			"remarks" : "PHK7",
			"id" : "0A3EE9FF66CE6F8EACBF1E0D6B941977",
			"server" : "phk7-server.sgateway.link",
			"server_port" : 12032,
			"server_udp_port" : 0,
			"password" : "UXeqc5Lo6R",
			"method" : "chacha20-ietf",
			"protocol" : "auth_aes128_md5",
			"protocolparam" : "",
			"obfs" : "tls1.2_ticket_auth",
			"obfsparam" : "download.windowsupdate.com",
			"remarks_base64" : "UEhLNw",
			"group" : "SocketPro",
			"enable" : true,
			"udp_over_tcp" : false
		},
		{
			"remarks" : "UK2",
			"id" : "9D2917F0B91743D2945F443ACB006911",
			"server" : "uk2.sgateway.link",
			"server_port" : 12032,
			"server_udp_port" : 0,
			"password" : "UXeqc5Lo6R",
			"method" : "chacha20-ietf",
			"protocol" : "auth_aes128_md5",
			"protocolparam" : "",
			"obfs" : "tls1.2_ticket_auth",
			"obfsparam" : "download.windowsupdate.com",
			"remarks_base64" : "VUsy",
			"group" : "SocketPro",
			"enable" : true,
			"udp_over_tcp" : false
		},
		{
			"remarks" : "UK3",
			"id" : "F9B711C645AE936C763E3EF7D8591F0D",
			"server" : "uk3.sgateway.link",
			"server_port" : 12032,
			"server_udp_port" : 0,
			"password" : "UXeqc5Lo6R",
			"method" : "chacha20-ietf",
			"protocol" : "auth_aes128_md5",
			"protocolparam" : "",
			"obfs" : "tls1.2_ticket_auth",
			"obfsparam" : "download.windowsupdate.com",
			"remarks_base64" : "VUsz",
			"group" : "SocketPro",
			"enable" : true,
			"udp_over_tcp" : false
		},
		{
			"remarks" : "PUS2",
			"id" : "CFA925B87D42D23E5E03B1FB2E8CC9E8",
			"server" : "pus2-server.sgateway.link",
			"server_port" : 12032,
			"server_udp_port" : 0,
			"password" : "UXeqc5Lo6R",
			"method" : "chacha20-ietf",
			"protocol" : "auth_aes128_md5",
			"protocolparam" : "",
			"obfs" : "tls1.2_ticket_auth",
			"obfsparam" : "download.windowsupdate.com",
			"remarks_base64" : "UFVTMg",
			"group" : "SocketPro",
			"enable" : true,
			"udp_over_tcp" : false
		},
		{
			"remarks" : "PRU2",
			"id" : "AEC98C8C738D96B8EF27DDCD0871259C",
			"server" : "pru2-server.sgateway.link",
			"server_port" : 12032,
			"server_udp_port" : 0,
			"password" : "UXeqc5Lo6R",
			"method" : "chacha20-ietf",
			"protocol" : "auth_aes128_md5",
			"protocolparam" : "",
			"obfs" : "tls1.2_ticket_auth",
			"obfsparam" : "download.windowsupdate.com",
			"remarks_base64" : "UFJVMg",
			"group" : "SocketPro",
			"enable" : true,
			"udp_over_tcp" : false
		},
		{
			"remarks" : "PUS3",
			"id" : "EBB061E84DDE11EF0CC8277E8D9EA965",
			"server" : "pus3-server.sgateway.link",
			"server_port" : 12032,
			"server_udp_port" : 0,
			"password" : "UXeqc5Lo6R",
			"method" : "chacha20-ietf",
			"protocol" : "auth_aes128_md5",
			"protocolparam" : "",
			"obfs" : "tls1.2_ticket_auth",
			"obfsparam" : "download.windowsupdate.com",
			"remarks_base64" : "UFVTMw",
			"group" : "SocketPro",
			"enable" : true,
			"udp_over_tcp" : false
		},
		{
			"remarks" : "PJP1",
			"id" : "C2CD669FE703DB81A265F44C8291E60D",
			"server" : "pjp1-server.sgateway.link",
			"server_port" : 12032,
			"server_udp_port" : 0,
			"password" : "UXeqc5Lo6R",
			"method" : "chacha20-ietf",
			"protocol" : "auth_aes128_md5",
			"protocolparam" : "",
			"obfs" : "tls1.2_ticket_auth",
			"obfsparam" : "download.windowsupdate.com",
			"remarks_base64" : "UEpQMQ",
			"group" : "SocketPro",
			"enable" : true,
			"udp_over_tcp" : false
		},
		{
			"remarks" : "PJP2",
			"id" : "F46260545949689E690301F8853A13FA",
			"server" : "pjp2-server.sgateway.link",
			"server_port" : 12032,
			"server_udp_port" : 0,
			"password" : "UXeqc5Lo6R",
			"method" : "chacha20-ietf",
			"protocol" : "auth_aes128_md5",
			"protocolparam" : "",
			"obfs" : "tls1.2_ticket_auth",
			"obfsparam" : "download.windowsupdate.com",
			"remarks_base64" : "UEpQMg",
			"group" : "SocketPro",
			"enable" : true,
			"udp_over_tcp" : false
		},
		{
			"remarks" : "PRU3",
			"id" : "444C71D999A8400B634951BA9CB111E9",
			"server" : "pru3-server.sgateway.link",
			"server_port" : 12032,
			"server_udp_port" : 0,
			"password" : "UXeqc5Lo6R",
			"method" : "chacha20-ietf",
			"protocol" : "auth_aes128_md5",
			"protocolparam" : "",
			"obfs" : "tls1.2_ticket_auth",
			"obfsparam" : "download.windowsupdate.com",
			"remarks_base64" : "UFJVMw",
			"group" : "SocketPro",
			"enable" : true,
			"udp_over_tcp" : false
		},
		{
			"remarks" : "PRU4",
			"id" : "42140ED75DCCBF5840185DFD5622A8C4",
			"server" : "pru4-server.sgateway.link",
			"server_port" : 12032,
			"server_udp_port" : 0,
			"password" : "UXeqc5Lo6R",
			"method" : "chacha20-ietf",
			"protocol" : "auth_aes128_md5",
			"protocolparam" : "",
			"obfs" : "tls1.2_ticket_auth",
			"obfsparam" : "download.windowsupdate.com",
			"remarks_base64" : "UFJVNA",
			"group" : "SocketPro",
			"enable" : true,
			"udp_over_tcp" : false
		},
		{
			"remarks" : "PMO3",
			"id" : "8D6A95FED0134187B5B8CDD8434AE90E",
			"server" : "pmo3-server.sgateway.link",
			"server_port" : 12032,
			"server_udp_port" : 0,
			"password" : "UXeqc5Lo6R",
			"method" : "chacha20-ietf",
			"protocol" : "auth_aes128_md5",
			"protocolparam" : "",
			"obfs" : "tls1.2_ticket_auth",
			"obfsparam" : "download.windowsupdate.com",
			"remarks_base64" : "UE1PMw",
			"group" : "SocketPro",
			"enable" : true,
			"udp_over_tcp" : false
		},
		{
			"remarks" : "PJP3",
			"id" : "4415D38D757E7FE15CE803472CF1DF4F",
			"server" : "pjp3-server.sgateway.link",
			"server_port" : 12032,
			"server_udp_port" : 0,
			"password" : "UXeqc5Lo6R",
			"method" : "chacha20-ietf",
			"protocol" : "auth_aes128_md5",
			"protocolparam" : "",
			"obfs" : "tls1.2_ticket_auth",
			"obfsparam" : "download.windowsupdate.com",
			"remarks_base64" : "UEpQMw",
			"group" : "SocketPro",
			"enable" : true,
			"udp_over_tcp" : false
		},
		{
			"remarks" : "PJP4",
			"id" : "20E8E0BC74E4ED8E96C685CAD7AC4A18",
			"server" : "pjp4-server.sgateway.link",
			"server_port" : 12032,
			"server_udp_port" : 0,
			"password" : "UXeqc5Lo6R",
			"method" : "chacha20-ietf",
			"protocol" : "auth_aes128_md5",
			"protocolparam" : "",
			"obfs" : "tls1.2_ticket_auth",
			"obfsparam" : "download.windowsupdate.com",
			"remarks_base64" : "UEpQNA",
			"group" : "SocketPro",
			"enable" : true,
			"udp_over_tcp" : false
		},
		{
			"remarks" : "PJP5",
			"id" : "96CFC2B7E43BBFB976762920F18DE4D7",
			"server" : "pjp5-server.sgateway.link",
			"server_port" : 12032,
			"server_udp_port" : 0,
			"password" : "UXeqc5Lo6R",
			"method" : "chacha20-ietf",
			"protocol" : "auth_aes128_md5",
			"protocolparam" : "",
			"obfs" : "tls1.2_ticket_auth",
			"obfsparam" : "download.windowsupdate.com",
			"remarks_base64" : "UEpQNQ",
			"group" : "SocketPro",
			"enable" : true,
			"udp_over_tcp" : false
		}
	],
	"index" : 23,
	"random" : false,
	"sysProxyMode" : 2,
	"shareOverLan" : false,
	"localPort" : 1080,
	"localAuthPassword" : "C5p60a-bTCpCFT-cCsyv",
	"dnsServer" : "",
	"reconnectTimes" : 3,
	"randomAlgorithm" : 3,
	"randomInGroup" : false,
	"TTL" : 30,
	"connectTimeout" : 5,
	"proxyRuleMode" : 2,
	"proxyEnable" : false,
	"pacDirectGoProxy" : false,
	"proxyType" : 0,
	"proxyHost" : "",
	"proxyPort" : 0,
	"proxyAuthUser" : "",
	"proxyAuthPass" : "",
	"proxyUserAgent" : "",
	"authUser" : "",
	"authPass" : "",
	"autoBan" : false,
	"sameHostForSameTarget" : true,
	"keepVisitTime" : 180,
	"isHideTips" : true,
	"nodeFeedAutoUpdate" : true,
	"serverSubscribes" : [
		{
			"URL" : "https://v1.spapi.org/api/server/subscription?id=15824&token=AVvteHTN0D0JJVoI",
			"Group" : "SocketPro"
		},
		{
			"URL" : "https://www.socketproapp.com/zh/subscriptions",
			"Group" : ""
		}
	],
	"token" : {

	},
	"portMap" : {

	}
}