{
	"pmo1-server.sgateway.link" : {
		"totalUploadBytes" : 28125890,
		"totalDownloadBytes" : 178384880
	},
	"pus1-server.sgateway.link" : {
		"totalUploadBytes" : 19281405,
		"totalDownloadBytes" : 143820444
	},
	"jp1.sgateway.link" : {
		"totalUploadBytes" : 10753952,
		"totalDownloadBytes" : 28108295
	},
	"phk1-server.sgateway.link" : {
		"totalUploadBytes" : 31292389,
		"totalDownloadBytes" : 610428502
	},
	"hk4.sgateway.link" : {
		"totalUploadBytes" : 11466483,
		"totalDownloadBytes" : 184949608
	},
	"ru2.sgateway.link" : {
		"totalUploadBytes" : 19215209,
		"totalDownloadBytes" : 187883795
	},
	"pru1-server.sgateway.link" : {
		"totalUploadBytes" : 25583962,
		"totalDownloadBytes" : 283105696
	},
	"hk2.sgateway.link" : {
		"totalUploadBytes" : 23004394,
		"totalDownloadBytes" : 883153446
	},
	"phk3-server.sgateway.link" : {
		"totalUploadBytes" : 35079917,
		"totalDownloadBytes" : 347583445
	},
	"us3.sgateway.link" : {
		"totalUploadBytes" : 21545027,
		"totalDownloadBytes" : 792212285
	},
	"us1.sgateway.link" : {
		"totalUploadBytes" : 37477606,
		"totalDownloadBytes" : 383977155
	},
	"au1.sgateway.link" : {
		"totalUploadBytes" : 5897415,
		"totalDownloadBytes" : 277088695
	},
	"hk1.sgateway.link" : {
		"totalUploadBytes" : 36688956,
		"totalDownloadBytes" : 973896337
	},
	"ru1.sgateway.link" : {
		"totalUploadBytes" : 21487815,
		"totalDownloadBytes" : 600071321
	},
	"uk1.sgateway.link" : {
		"totalUploadBytes" : 24745908,
		"totalDownloadBytes" : 1005975031
	},
	"us2.sgateway.link" : {
		"totalUploadBytes" : 20661108,
		"totalDownloadBytes" : 155731001
	},
	"hk3.sgateway.link" : {
		"totalUploadBytes" : 30254067,
		"totalDownloadBytes" : 141442583
	},
	"phk2-server.sgateway.link" : {
		"totalUploadBytes" : 22369641,
		"totalDownloadBytes" : 551958574
	},
	"phk4-server.sgateway.link" : {
		"totalUploadBytes" : 33984063,
		"totalDownloadBytes" : 639540937
	},
	"pkr1-server.sgateway.link" : {
		"totalUploadBytes" : 27936,
		"totalDownloadBytes" : 0
	},
	"pkr3-server.sgateway.link" : {
		"totalUploadBytes" : 63834,
		"totalDownloadBytes" : 0
	},
	"pkr2-server.sgateway.link" : {
		"totalUploadBytes" : 3930,
		"totalDownloadBytes" : 0
	},
	"kr1.sgateway.link" : {
		"totalUploadBytes" : 18211,
		"totalDownloadBytes" : 0
	},
	"kr2.sgateway.link" : {
		"totalUploadBytes" : 4884,
		"totalDownloadBytes" : 0
	},
	"ru3.sgateway.link" : {
		"totalUploadBytes" : 19538800,
		"totalDownloadBytes" : 445522011
	},
	"phk5-server.sgateway.link" : {
		"totalUploadBytes" : 23768938,
		"totalDownloadBytes" : 192873500
	},
	"pmo2-server.sgateway.link" : {
		"totalUploadBytes" : 18150381,
		"totalDownloadBytes" : 121279205
	},
	"phk7-server.sgateway.link" : {
		"totalUploadBytes" : 16623756,
		"totalDownloadBytes" : 153735031
	},
	"uk2.sgateway.link" : {
		"totalUploadBytes" : 16894264,
		"totalDownloadBytes" : 178431196
	},
	"phk6-server.sgateway.link" : {
		"totalUploadBytes" : 16618643,
		"totalDownloadBytes" : 78154888
	},
	"uk3.sgateway.link" : {
		"totalUploadBytes" : 13666352,
		"totalDownloadBytes" : 180990059
	},
	"pus2-server.sgateway.link" : {
		"totalUploadBytes" : 10241761,
		"totalDownloadBytes" : 143099750
	},
	"pru2-server.sgateway.link" : {
		"totalUploadBytes" : 14673216,
		"totalDownloadBytes" : 241654929
	},
	"pus3-server.sgateway.link" : {
		"totalUploadBytes" : 20182664,
		"totalDownloadBytes" : 148920576
	},
	"pjp1-server.sgateway.link" : {
		"totalUploadBytes" : 10492274,
		"totalDownloadBytes" : 156706382
	},
	"pjp2-server.sgateway.link" : {
		"totalUploadBytes" : 9273955,
		"totalDownloadBytes" : 62319594
	},
	"pru3-server.sgateway.link" : {
		"totalUploadBytes" : 25269176,
		"totalDownloadBytes" : 264380288
	},
	"pru4-server.sgateway.link" : {
		"totalUploadBytes" : 9821594,
		"totalDownloadBytes" : 53377909
	},
	"pmo3-server.sgateway.link" : {
		"totalUploadBytes" : 13349030,
		"totalDownloadBytes" : 377698811
	},
	"pjp3-server.sgateway.link" : {
		"totalUploadBytes" : 6595210,
		"totalDownloadBytes" : 143403938
	},
	"pjp4-server.sgateway.link" : {
		"totalUploadBytes" : 7279902,
		"totalDownloadBytes" : 63566895
	},
	"pjp5-server.sgateway.link" : {
		"totalUploadBytes" : 15282690,
		"totalDownloadBytes" : 138659656
	}
}